Type,Subtype,Subset,Filter,Genotype,QQ.Field,QQ,METRIC.Recall,METRIC.Precision,METRIC.Frac_NA,METRIC.F1_Score,FP.gt,FP.al,Subset.Size,Subset.IS_CONF.Size,Subset.Level,TRUTH.TOTAL,TRUTH.TOTAL.ti,TRUTH.TOTAL.tv,TRUTH.TOTAL.het,TRUTH.TOTAL.homalt,TRUTH.TOTAL.TiTv_ratio,TRUTH.TOTAL.het_hom_ratio,TRUTH.TP,TRUTH.TP.ti,TRUTH.TP.tv,TRUTH.TP.het,TRUTH.TP.homalt,TRUTH.TP.TiTv_ratio,TRUTH.TP.het_hom_ratio,TRUTH.FN,TRUTH.FN.ti,TRUTH.FN.tv,TRUTH.FN.het,TRUTH.FN.homalt,TRUTH.FN.TiTv_ratio,TRUTH.FN.het_hom_ratio,QUERY.TOTAL,QUERY.TOTAL.ti,QUERY.TOTAL.tv,QUERY.TOTAL.het,QUERY.TOTAL.homalt,QUERY.TOTAL.TiTv_ratio,QUERY.TOTAL.het_hom_ratio,QUERY.TP,QUERY.TP.ti,QUERY.TP.tv,QUERY.TP.het,QUERY.TP.homalt,QUERY.TP.TiTv_ratio,QUERY.TP.het_hom_ratio,QUERY.FP,QUERY.FP.ti,QUERY.FP.tv,QUERY.FP.het,QUERY.FP.homalt,QUERY.FP.TiTv_ratio,QUERY.FP.het_hom_ratio,QUERY.UNK,QUERY.UNK.ti,QUERY.UNK.tv,QUERY.UNK.het,QUERY.UNK.homalt,QUERY.UNK.TiTv_ratio,QUERY.UNK.het_hom_ratio
INDEL,*,*,ALL,*,QUAL,*,0.764319,0.6641520000000001,0.29996300000000004,0.710724,187,421,2809068885,2512349851.000000,0.000000,4871,.,.,2884.000000,1783.000000,,1.6174985978687606,3723,.,.,2351.000000,1274.000000,,1.8453689167974883,1148,.,.,533.000000,509.000000,,1.0471512770137525,8141,.,.,6210.000000,1797.000000,,3.4557595993322203,3785,.,.,2480.000000,1274.000000,,1.946624803767661,1914,.,.,1815.000000,53.000000,,34.24528301886792,2442,.,.,1915.000000,470.000000,,4.074468085106383
INDEL,*,*,PASS,*,QUAL,*,0.762882,0.736504,0.308397,0.7494609999999999,187,381,2809068885,2512349851.000000,0.000000,4871,.,.,2884.000000,1783.000000,,1.6174985978687606,3716,.,.,2345.000000,1274.000000,,1.8406593406593406,1155,.,.,539.000000,509.000000,,1.0589390962671905,7419,.,.,5488.000000,1797.000000,,3.053978853644964,3779,.,.,2474.000000,1274.000000,,1.9419152276295133,1352,.,.,1253.000000,53.000000,,23.641509433962263,2288,.,.,1761.000000,470.000000,,3.746808510638298
INDEL,*,TS_boundary,ALL,*,QUAL,*,0.428571,0.375,0.777778,0.4,1,2,3148273288.000000,2512349851.000000,0.000000,7,.,.,4.000000,3.000000,,1.3333333333333333,3,.,.,1.000000,2.000000,,0.5,4,.,.,3.000000,1.000000,,3.0,36,.,.,23.000000,13.000000,,1.7692307692307692,3,.,.,1.000000,2.000000,,0.5,5,.,.,5.000000,0.000000,,,28,.,.,17.000000,11.000000,,1.5454545454545454
INDEL,*,TS_boundary,PASS,*,QUAL,*,0.428571,0.428571,0.787879,0.428571,1,2,3148273288.000000,2512349851.000000,0.000000,7,.,.,4.000000,3.000000,,1.3333333333333333,3,.,.,1.000000,2.000000,,0.5,4,.,.,3.000000,1.000000,,3.0,33,.,.,20.000000,13.000000,,1.5384615384615385,3,.,.,1.000000,2.000000,,0.5,4,.,.,4.000000,0.000000,,,26,.,.,15.000000,11.000000,,1.3636363636363635
INDEL,*,TS_contained,ALL,*,QUAL,*,0.764803,0.664558,0.0,0.7111649999999999,186,419,2512349851.000000,2512349851.000000,0.000000,4864,.,.,2880.000000,1780.000000,,1.6179775280898876,3720,.,.,2350.000000,1272.000000,,1.8474842767295598,1144,.,.,530.000000,508.000000,,1.0433070866141732,5691,.,.,4289.000000,1325.000000,,3.2369811320754716,3782,.,.,2479.000000,1272.000000,,1.9488993710691824,1909,.,.,1810.000000,53.000000,,34.15094339622642,0,.,.,0.000000,0.000000,,
INDEL,*,TS_contained,PASS,*,QUAL,*,0.763363,0.736924,0.0,0.749911,186,379,2512349851.000000,2512349851.000000,0.000000,4864,.,.,2880.000000,1780.000000,,1.6179775280898876,3713,.,.,2344.000000,1272.000000,,1.8427672955974843,1151,.,.,536.000000,508.000000,,1.0551181102362204,5124,.,.,3722.000000,1325.000000,,2.809056603773585,3776,.,.,2473.000000,1272.000000,,1.944182389937107,1348,.,.,1249.000000,53.000000,,23.566037735849058,0,.,.,0.000000,0.000000,,
INDEL,C16_PLUS,*,ALL,*,QUAL,*,0.0,0.0,0.0,,0,0,2809068885,2512349851.000000,0.000000,0,.,.,0.000000,0.000000,,,0,.,.,0.000000,0.000000,,,0,.,.,0.000000,0.000000,,,0,.,.,0.000000,0.000000,,,0,.,.,0.000000,0.000000,,,0,.,.,0.000000,0.000000,,,0,.,.,0.000000,0.000000,,
INDEL,C16_PLUS,*,PASS,*,QUAL,*,0.0,0.0,0.0,,0,0,2809068885,2512349851.000000,0.000000,0,.,.,0.000000,0.000000,,,0,.,.,0.000000,0.000000,,,0,.,.,0.000000,0.000000,,,0,.,.,0.000000,0.000000,,,0,.,.,0.000000,0.000000,,,0,.,.,0.000000,0.000000,,,0,.,.,0.000000,0.000000,,
INDEL,C16_PLUS,TS_boundary,ALL,*,QUAL,*,0.0,0.0,0.0,,0,0,3148273288.000000,2512349851.000000,0.000000,0,.,.,0.000000,0.000000,,,0,.,.,0.000000,0.000000,,,0,.,.,0.000000,0.000000,,,0,.,.,0.000000,0.000000,,,0,.,.,0.000000,0.000000,,,0,.,.,0.000000,0.000000,,,0,.,.,0.000000,0.000000,,
INDEL,C16_PLUS,TS_boundary,PASS,*,QUAL,*,0.0,0.0,0.0,,0,0,3148273288.000000,2512349851.000000,0.000000,0,.,.,0.000000,0.000000,,,0,.,.,0.000000,0.000000,,,0,.,.,0.000000,0.000000,,,0,.,.,0.000000,0.000000,,,0,.,.,0.000000,0.000000,,,0,.,.,0.000000,0.000000,,,0,.,.,0.000000,0.000000,,
INDEL,C16_PLUS,TS_contained,ALL,*,QUAL,*,0.0,0.0,0.0,,0,0,2512349851.000000,2512349851.000000,0.000000,0,.,.,0.000000,0.000000,,,0,.,.,0.000000,0.000000,,,0,.,.,0.000000,0.000000,,,0,.,.,0.000000,0.000000,,,0,.,.,0.000000,0.000000,,,0,.,.,0.000000,0.000000,,,0,.,.,0.000000,0.000000,,
INDEL,C16_PLUS,TS_contained,PASS,*,QUAL,*,0.0,0.0,0.0,,0,0,2512349851.000000,2512349851.000000,0.000000,0,.,.,0.000000,0.000000,,,0,.,.,0.000000,0.000000,,,0,.,.,0.000000,0.000000,,,0,.,.,0.000000,0.000000,,,0,.,.,0.000000,0.000000,,,0,.,.,0.000000,0.000000,,,0,.,.,0.000000,0.000000,,
INDEL,C1_5,*,ALL,*,QUAL,*,0.0,0.0,0.0,,0,0,2809068885,2512349851.000000,0.000000,0,.,.,0.000000,0.000000,,,0,.,.,0.000000,0.000000,,,0,.,.,0.000000,0.000000,,,0,.,.,0.000000,0.000000,,,0,.,.,0.000000,0.000000,,,0,.,.,0.000000,0.000000,,,0,.,.,0.000000,0.000000,,
INDEL,C1_5,*,PASS,*,QUAL,*,0.0,0.0,0.0,,0,0,2809068885,2512349851.000000,0.000000,0,.,.,0.000000,0.000000,,,0,.,.,0.000000,0.000000,,,0,.,.,0.000000,0.000000,,,0,.,.,0.000000,0.000000,,,0,.,.,0.000000,0.000000,,,0,.,.,0.000000,0.000000,,,0,.,.,0.000000,0.000000,,
INDEL,C1_5,TS_boundary,ALL,*,QUAL,*,0.0,0.0,0.0,,0,0,3148273288.000000,2512349851.000000,0.000000,0,.,.,0.000000,0.000000,,,0,.,.,0.000000,0.000000,,,0,.,.,0.000000,0.000000,,,0,.,.,0.000000,0.000000,,,0,.,.,0.000000,0.000000,,,0,.,.,0.000000,0.000000,,,0,.,.,0.000000,0.000000,,
INDEL,C1_5,TS_boundary,PASS,*,QUAL,*,0.0,0.0,0.0,,0,0,3148273288.000000,2512349851.000000,0.000000,0,.,.,0.000000,0.000000,,,0,.,.,0.000000,0.000000,,,0,.,.,0.000000,0.000000,,,0,.,.,0.000000,0.000000,,,0,.,.,0.000000,0.000000,,,0,.,.,0.000000,0.000000,,,0,.,.,0.000000,0.000000,,
INDEL,C1_5,TS_contained,ALL,*,QUAL,*,0.0,0.0,0.0,,0,0,2512349851.000000,2512349851.000000,0.000000,0,.,.,0.000000,0.000000,,,0,.,.,0.000000,0.000000,,,0,.,.,0.000000,0.000000,,,0,.,.,0.000000,0.000000,,,0,.,.,0.000000,0.000000,,,0,.,.,0.000000,0.000000,,,0,.,.,0.000000,0.000000,,
INDEL,C1_5,TS_contained,PASS,*,QUAL,*,0.0,0.0,0.0,,0,0,2512349851.000000,2512349851.000000,0.000000,0,.,.,0.000000,0.000000,,,0,.,.,0.000000,0.000000,,,0,.,.,0.000000,0.000000,,,0,.,.,0.000000,0.000000,,,0,.,.,0.000000,0.000000,,,0,.,.,0.000000,0.000000,,,0,.,.,0.000000,0.000000,,
INDEL,C6_15,*,ALL,*,QUAL,*,0.0,0.0,0.0,,0,0,2809068885,2512349851.000000,0.000000,0,.,.,0.000000,0.000000,,,0,.,.,0.000000,0.000000,,,0,.,.,0.000000,0.000000,,,0,.,.,0.000000,0.000000,,,0,.,.,0.000000,0.000000,,,0,.,.,0.000000,0.000000,,,0,.,.,0.000000,0.000000,,
INDEL,C6_15,*,PASS,*,QUAL,*,0.0,0.0,0.0,,0,0,2809068885,2512349851.000000,0.000000,0,.,.,0.000000,0.000000,,,0,.,.,0.000000,0.000000,,,0,.,.,0.000000,0.000000,,,0,.,.,0.000000,0.000000,,,0,.,.,0.000000,0.000000,,,0,.,.,0.000000,0.000000,,,0,.,.,0.000000,0.000000,,
INDEL,C6_15,TS_boundary,ALL,*,QUAL,*,0.0,0.0,0.0,,0,0,3148273288.000000,2512349851.000000,0.000000,0,.,.,0.000000,0.000000,,,0,.,.,0.000000,0.000000,,,0,.,.,0.000000,0.000000,,,0,.,.,0.000000,0.000000,,,0,.,.,0.000000,0.000000,,,0,.,.,0.000000,0.000000,,,0,.,.,0.000000,0.000000,,
INDEL,C6_15,TS_boundary,PASS,*,QUAL,*,0.0,0.0,0.0,,0,0,3148273288.000000,2512349851.000000,0.000000,0,.,.,0.000000,0.000000,,,0,.,.,0.000000,0.000000,,,0,.,.,0.000000,0.000000,,,0,.,.,0.000000,0.000000,,,0,.,.,0.000000,0.000000,,,0,.,.,0.000000,0.000000,,,0,.,.,0.000000,0.000000,,
INDEL,C6_15,TS_contained,ALL,*,QUAL,*,0.0,0.0,0.0,,0,0,2512349851.000000,2512349851.000000,0.000000,0,.,.,0.000000,0.000000,,,0,.,.,0.000000,0.000000,,,0,.,.,0.000000,0.000000,,,0,.,.,0.000000,0.000000,,,0,.,.,0.000000,0.000000,,,0,.,.,0.000000,0.000000,,,0,.,.,0.000000,0.000000,,
INDEL,C6_15,TS_contained,PASS,*,QUAL,*,0.0,0.0,0.0,,0,0,2512349851.000000,2512349851.000000,0.000000,0,.,.,0.000000,0.000000,,,0,.,.,0.000000,0.000000,,,0,.,.,0.000000,0.000000,,,0,.,.,0.000000,0.000000,,,0,.,.,0.000000,0.000000,,,0,.,.,0.000000,0.000000,,,0,.,.,0.000000,0.000000,,
INDEL,D16_PLUS,*,ALL,*,QUAL,*,0.8235290000000001,0.875,0.657143,0.848485,2,4,2809068885,2512349851.000000,0.000000,51,.,.,39.000000,9.000000,,4.333333333333333,42,.,.,33.000000,8.000000,,4.125,9,.,.,6.000000,1.000000,,6.0,140,.,.,102.000000,38.000000,,2.6842105263157894,42,.,.,34.000000,8.000000,,4.25,6,.,.,3.000000,3.000000,,1.0,92,.,.,65.000000,27.000000,,2.4074074074074074
INDEL,D16_PLUS,*,PASS,*,QUAL,*,0.8235290000000001,0.875,0.6496350000000001,0.848485,2,4,2809068885,2512349851.000000,0.000000,51,.,.,39.000000,9.000000,,4.333333333333333,42,.,.,33.000000,8.000000,,4.125,9,.,.,6.000000,1.000000,,6.0,137,.,.,99.000000,38.000000,,2.6052631578947367,42,.,.,34.000000,8.000000,,4.25,6,.,.,3.000000,3.000000,,1.0,89,.,.,62.000000,27.000000,,2.2962962962962963
INDEL,D16_PLUS,TS_boundary,ALL,*,QUAL,*,0.0,0.0,0.25,,1,2,3148273288.000000,2512349851.000000,0.000000,1,.,.,0.000000,1.000000,,0.0,0,.,.,0.000000,0.000000,,,1,.,.,0.000000,1.000000,,0.0,4,.,.,4.000000,0.000000,,,0,.,.,0.000000,0.000000,,,3,.,.,3.000000,0.000000,,,1,.,.,1.000000,0.000000,,
INDEL,D16_PLUS,TS_boundary,PASS,*,QUAL,*,0.0,0.0,0.25,,1,2,3148273288.000000,2512349851.000000,0.000000,1,.,.,0.000000,1.000000,,0.0,0,.,.,0.000000,0.000000,,,1,.,.,0.000000,1.000000,,0.0,4,.,.,4.000000,0.000000,,,0,.,.,0.000000,0.000000,,,3,.,.,3.000000,0.000000,,,1,.,.,1.000000,0.000000,,
INDEL,D16_PLUS,TS_contained,ALL,*,QUAL,*,0.84,0.933333,0.0,0.8842110000000001,1,2,2512349851.000000,2512349851.000000,0.000000,50,.,.,39.000000,8.000000,,4.875,42,.,.,33.000000,8.000000,,4.125,8,.,.,6.000000,0.000000,,,45,.,.,34.000000,11.000000,,3.090909090909091,42,.,.,34.000000,8.000000,,4.25,3,.,.,0.000000,3.000000,,0.0,0,.,.,0.000000,0.000000,,
INDEL,D16_PLUS,TS_contained,PASS,*,QUAL,*,0.84,0.933333,0.0,0.8842110000000001,1,2,2512349851.000000,2512349851.000000,0.000000,50,.,.,39.000000,8.000000,,4.875,42,.,.,33.000000,8.000000,,4.125,8,.,.,6.000000,0.000000,,,45,.,.,34.000000,11.000000,,3.090909090909091,42,.,.,34.000000,8.000000,,4.25,3,.,.,0.000000,3.000000,,0.0,0,.,.,0.000000,0.000000,,
INDEL,D1_5,*,ALL,*,QUAL,*,0.767713,0.560763,0.27979499999999996,0.648119,61,288,2809068885,2512349851.000000,0.000000,2230,.,.,1359.000000,767.000000,,1.7718383311603652,1712,.,.,1111.000000,545.000000,,2.0385321100917433,518,.,.,248.000000,222.000000,,1.117117117117117,4296,.,.,3552.000000,744.000000,,4.774193548387097,1735,.,.,1190.000000,545.000000,,2.18348623853211,1359,.,.,1329.000000,30.000000,,44.3,1202,.,.,1033.000000,169.000000,,6.112426035502959
INDEL,D1_5,*,PASS,*,QUAL,*,0.7659189999999999,0.6398229999999999,0.288006,0.6972149999999999,61,257,2809068885,2512349851.000000,0.000000,2230,.,.,1359.000000,767.000000,,1.7718383311603652,1708,.,.,1108.000000,545.000000,,2.0330275229357797,522,.,.,251.000000,222.000000,,1.1306306306306306,3802,.,.,3058.000000,744.000000,,4.110215053763441,1732,.,.,1187.000000,545.000000,,2.1779816513761467,975,.,.,945.000000,30.000000,,31.5,1095,.,.,926.000000,169.000000,,5.479289940828402
INDEL,D1_5,TS_boundary,ALL,*,QUAL,*,0.333333,0.5,0.875,0.4,0,0,3148273288.000000,2512349851.000000,0.000000,3,.,.,2.000000,1.000000,,2.0,1,.,.,0.000000,1.000000,,0.0,2,.,.,2.000000,0.000000,,,16,.,.,12.000000,4.000000,,3.0,1,.,.,0.000000,1.000000,,0.0,1,.,.,1.000000,0.000000,,,14,.,.,11.000000,3.000000,,3.6666666666666665
INDEL,D1_5,TS_boundary,PASS,*,QUAL,*,0.333333,0.5,0.857143,0.4,0,0,3148273288.000000,2512349851.000000,0.000000,3,.,.,2.000000,1.000000,,2.0,1,.,.,0.000000,1.000000,,0.0,2,.,.,2.000000,0.000000,,,14,.,.,10.000000,4.000000,,2.5,1,.,.,0.000000,1.000000,,0.0,1,.,.,1.000000,0.000000,,,12,.,.,9.000000,3.000000,,3.0
INDEL,D1_5,TS_contained,ALL,*,QUAL,*,0.7682979999999999,0.560802,0.0,0.648353,61,288,2512349851.000000,2512349851.000000,0.000000,2227,.,.,1357.000000,766.000000,,1.7715404699738904,1711,.,.,1111.000000,544.000000,,2.042279411764706,516,.,.,246.000000,222.000000,,1.1081081081081081,3092,.,.,2518.000000,574.000000,,4.386759581881533,1734,.,.,1190.000000,544.000000,,2.1875,1358,.,.,1328.000000,30.000000,,44.266666666666666,0,.,.,0.000000,0.000000,,
INDEL,D1_5,TS_contained,PASS,*,QUAL,*,0.766502,0.639926,0.0,0.6975180000000001,61,257,2512349851.000000,2512349851.000000,0.000000,2227,.,.,1357.000000,766.000000,,1.7715404699738904,1707,.,.,1108.000000,544.000000,,2.036764705882353,520,.,.,249.000000,222.000000,,1.1216216216216217,2705,.,.,2131.000000,574.000000,,3.7125435540069684,1731,.,.,1187.000000,544.000000,,2.181985294117647,974,.,.,944.000000,30.000000,,31.466666666666665,0,.,.,0.000000,0.000000,,
INDEL,D6_15,*,ALL,*,QUAL,*,0.7304350000000001,0.82381,0.441489,0.774317,4,31,2809068885,2512349851.000000,0.000000,230,.,.,129.000000,65.000000,,1.9846153846153847,168,.,.,106.000000,48.000000,,2.2083333333333335,62,.,.,23.000000,17.000000,,1.3529411764705883,376,.,.,281.000000,95.000000,,2.957894736842105,173,.,.,125.000000,48.000000,,2.6041666666666665,37,.,.,33.000000,4.000000,,8.25,166,.,.,123.000000,43.000000,,2.86046511627907
INDEL,D6_15,*,PASS,*,QUAL,*,0.726087,0.826923,0.439353,0.773231,4,30,2809068885,2512349851.000000,0.000000,230,.,.,129.000000,65.000000,,1.9846153846153847,167,.,.,105.000000,48.000000,,2.1875,63,.,.,24.000000,17.000000,,1.411764705882353,371,.,.,276.000000,95.000000,,2.905263157894737,172,.,.,124.000000,48.000000,,2.5833333333333335,36,.,.,32.000000,4.000000,,8.0,163,.,.,120.000000,43.000000,,2.7906976744186047
INDEL,D6_15,TS_boundary,ALL,*,QUAL,*,1.0,1.0,0.5,1.0,0,0,3148273288.000000,2512349851.000000,0.000000,2,.,.,1.000000,1.000000,,1.0,2,.,.,1.000000,1.000000,,1.0,0,.,.,0.000000,0.000000,,,4,.,.,1.000000,3.000000,,0.3333333333333333,2,.,.,1.000000,1.000000,,1.0,0,.,.,0.000000,0.000000,,,2,.,.,0.000000,2.000000,,0.0
INDEL,D6_15,TS_boundary,PASS,*,QUAL,*,1.0,1.0,0.5,1.0,0,0,3148273288.000000,2512349851.000000,0.000000,2,.,.,1.000000,1.000000,,1.0,2,.,.,1.000000,1.000000,,1.0,0,.,.,0.000000,0.000000,,,4,.,.,1.000000,3.000000,,0.3333333333333333,2,.,.,1.000000,1.000000,,1.0,0,.,.,0.000000,0.000000,,,2,.,.,0.000000,2.000000,,0.0
INDEL,D6_15,TS_contained,ALL,*,QUAL,*,0.72807,0.8221149999999999,0.0,0.7722399999999999,4,31,2512349851.000000,2512349851.000000,0.000000,228,.,.,128.000000,64.000000,,2.0,166,.,.,105.000000,47.000000,,2.234042553191489,62,.,.,23.000000,17.000000,,1.3529411764705883,208,.,.,157.000000,51.000000,,3.0784313725490198,171,.,.,124.000000,47.000000,,2.6382978723404253,37,.,.,33.000000,4.000000,,8.25,0,.,.,0.000000,0.000000,,
INDEL,D6_15,TS_contained,PASS,*,QUAL,*,0.723684,0.8252430000000001,0.0,0.771134,4,30,2512349851.000000,2512349851.000000,0.000000,228,.,.,128.000000,64.000000,,2.0,165,.,.,104.000000,47.000000,,2.2127659574468086,63,.,.,24.000000,17.000000,,1.411764705882353,206,.,.,155.000000,51.000000,,3.0392156862745097,170,.,.,123.000000,47.000000,,2.617021276595745,36,.,.,32.000000,4.000000,,8.0,0,.,.,0.000000,0.000000,,
INDEL,I16_PLUS,*,ALL,*,QUAL,*,0.666667,0.9696969999999999,0.682692,0.7901229999999999,0,0,2809068885,2512349851.000000,0.000000,48,.,.,26.000000,17.000000,,1.5294117647058822,32,.,.,16.000000,15.000000,,1.0666666666666667,16,.,.,10.000000,2.000000,,5.0,104,.,.,58.000000,39.000000,,1.4871794871794872,32,.,.,16.000000,15.000000,,1.0666666666666667,1,.,.,1.000000,0.000000,,,71,.,.,41.000000,24.000000,,1.7083333333333333
INDEL,I16_PLUS,*,PASS,*,QUAL,*,0.666667,0.9696969999999999,0.679612,0.7901229999999999,0,0,2809068885,2512349851.000000,0.000000,48,.,.,26.000000,17.000000,,1.5294117647058822,32,.,.,16.000000,15.000000,,1.0666666666666667,16,.,.,10.000000,2.000000,,5.0,103,.,.,57.000000,39.000000,,1.4615384615384615,32,.,.,16.000000,15.000000,,1.0666666666666667,1,.,.,1.000000,0.000000,,,70,.,.,40.000000,24.000000,,1.6666666666666667
INDEL,I16_PLUS,TS_boundary,ALL,*,QUAL,*,0.0,,1.0,,0,0,3148273288.000000,2512349851.000000,0.000000,0,.,.,0.000000,0.000000,,,0,.,.,0.000000,0.000000,,,0,.,.,0.000000,0.000000,,,1,.,.,1.000000,0.000000,,,0,.,.,0.000000,0.000000,,,0,.,.,0.000000,0.000000,,,1,.,.,1.000000,0.000000,,
INDEL,I16_PLUS,TS_boundary,PASS,*,QUAL,*,0.0,,1.0,,0,0,3148273288.000000,2512349851.000000,0.000000,0,.,.,0.000000,0.000000,,,0,.,.,0.000000,0.000000,,,0,.,.,0.000000,0.000000,,,1,.,.,1.000000,0.000000,,,0,.,.,0.000000,0.000000,,,0,.,.,0.000000,0.000000,,,1,.,.,1.000000,0.000000,,
INDEL,I16_PLUS,TS_contained,ALL,*,QUAL,*,0.666667,0.9696969999999999,0.0,0.7901229999999999,0,0,2512349851.000000,2512349851.000000,0.000000,48,.,.,26.000000,17.000000,,1.5294117647058822,32,.,.,16.000000,15.000000,,1.0666666666666667,16,.,.,10.000000,2.000000,,5.0,33,.,.,17.000000,15.000000,,1.1333333333333333,32,.,.,16.000000,15.000000,,1.0666666666666667,1,.,.,1.000000,0.000000,,,0,.,.,0.000000,0.000000,,
INDEL,I16_PLUS,TS_contained,PASS,*,QUAL,*,0.666667,0.9696969999999999,0.0,0.7901229999999999,0,0,2512349851.000000,2512349851.000000,0.000000,48,.,.,26.000000,17.000000,,1.5294117647058822,32,.,.,16.000000,15.000000,,1.0666666666666667,16,.,.,10.000000,2.000000,,5.0,33,.,.,17.000000,15.000000,,1.1333333333333333,32,.,.,16.000000,15.000000,,1.0666666666666667,1,.,.,1.000000,0.000000,,,0,.,.,0.000000,0.000000,,
INDEL,I1_5,*,ALL,*,QUAL,*,0.761343,0.77256,0.273821,0.7669100000000001,117,87,2809068885,2512349851.000000,0.000000,2204,.,.,1213.000000,875.000000,,1.3862857142857143,1678,.,.,1004.000000,619.000000,,1.6219709208400646,526,.,.,209.000000,256.000000,,0.81640625,2991,.,.,2073.000000,806.000000,,2.5719602977667493,1678,.,.,1031.000000,619.000000,,1.6655896607431342,494,.,.,436.000000,13.000000,,33.53846153846154,819,.,.,606.000000,174.000000,,3.4827586206896552
INDEL,I1_5,*,PASS,*,QUAL,*,0.760436,0.8405219999999999,0.28118200000000004,0.798475,117,80,2809068885,2512349851.000000,0.000000,2204,.,.,1213.000000,875.000000,,1.3862857142857143,1676,.,.,1002.000000,619.000000,,1.618739903069467,528,.,.,211.000000,256.000000,,0.82421875,2774,.,.,1856.000000,806.000000,,2.30272952853598,1676,.,.,1029.000000,619.000000,,1.6623586429725363,318,.,.,260.000000,13.000000,,20.0,780,.,.,567.000000,174.000000,,3.2586206896551726
INDEL,I1_5,TS_boundary,ALL,*,QUAL,*,0.0,0.0,0.8888889999999999,,0,0,3148273288.000000,2512349851.000000,0.000000,0,.,.,0.000000,0.000000,,,0,.,.,0.000000,0.000000,,,0,.,.,0.000000,0.000000,,,9,.,.,4.000000,5.000000,,0.8,0,.,.,0.000000,0.000000,,,1,.,.,1.000000,0.000000,,,8,.,.,3.000000,5.000000,,0.6
INDEL,I1_5,TS_boundary,PASS,*,QUAL,*,0.0,,1.0,,0,0,3148273288.000000,2512349851.000000,0.000000,0,.,.,0.000000,0.000000,,,0,.,.,0.000000,0.000000,,,0,.,.,0.000000,0.000000,,,8,.,.,3.000000,5.000000,,0.6,0,.,.,0.000000,0.000000,,,0,.,.,0.000000,0.000000,,,8,.,.,3.000000,5.000000,,0.6
INDEL,I1_5,TS_contained,ALL,*,QUAL,*,0.761343,0.7729159999999999,0.0,0.7670859999999999,117,87,2512349851.000000,2512349851.000000,0.000000,2204,.,.,1213.000000,875.000000,,1.3862857142857143,1678,.,.,1004.000000,619.000000,,1.6219709208400646,526,.,.,209.000000,256.000000,,0.81640625,2171,.,.,1466.000000,632.000000,,2.319620253164557,1678,.,.,1031.000000,619.000000,,1.6655896607431342,493,.,.,435.000000,13.000000,,33.46153846153846,0,.,.,0.000000,0.000000,,
INDEL,I1_5,TS_contained,PASS,*,QUAL,*,0.760436,0.8405219999999999,0.0,0.798475,117,80,2512349851.000000,2512349851.000000,0.000000,2204,.,.,1213.000000,875.000000,,1.3862857142857143,1676,.,.,1002.000000,619.000000,,1.618739903069467,528,.,.,211.000000,256.000000,,0.82421875,1994,.,.,1289.000000,632.000000,,2.0395569620253164,1676,.,.,1029.000000,619.000000,,1.6623586429725363,318,.,.,260.000000,13.000000,,20.0,0,.,.,0.000000,0.000000,,
INDEL,I6_15,*,ALL,*,QUAL,*,0.650246,0.874172,0.400794,0.7457630000000001,3,13,2809068885,2512349851.000000,0.000000,203,.,.,118.000000,50.000000,,2.36,132,.,.,81.000000,39.000000,,2.076923076923077,71,.,.,37.000000,11.000000,,3.3636363636363638,252,.,.,144.000000,75.000000,,1.92,132,.,.,84.000000,39.000000,,2.1538461538461537,19,.,.,13.000000,3.000000,,4.333333333333333,101,.,.,47.000000,33.000000,,1.4242424242424243
INDEL,I6_15,*,PASS,*,QUAL,*,0.650246,0.88,0.4,0.747875,3,12,2809068885,2512349851.000000,0.000000,203,.,.,118.000000,50.000000,,2.36,132,.,.,81.000000,39.000000,,2.076923076923077,71,.,.,37.000000,11.000000,,3.3636363636363638,250,.,.,142.000000,75.000000,,1.8933333333333333,132,.,.,84.000000,39.000000,,2.1538461538461537,18,.,.,12.000000,3.000000,,4.0,100,.,.,46.000000,33.000000,,1.393939393939394
INDEL,I6_15,TS_boundary,ALL,*,QUAL,*,0.0,,1.0,,0,0,3148273288.000000,2512349851.000000,0.000000,1,.,.,1.000000,0.000000,,,0,.,.,0.000000,0.000000,,,1,.,.,1.000000,0.000000,,,2,.,.,1.000000,1.000000,,1.0,0,.,.,0.000000,0.000000,,,0,.,.,0.000000,0.000000,,,2,.,.,1.000000,1.000000,,1.0
INDEL,I6_15,TS_boundary,PASS,*,QUAL,*,0.0,,1.0,,0,0,3148273288.000000,2512349851.000000,0.000000,1,.,.,1.000000,0.000000,,,0,.,.,0.000000,0.000000,,,1,.,.,1.000000,0.000000,,,2,.,.,1.000000,1.000000,,1.0,0,.,.,0.000000,0.000000,,,0,.,.,0.000000,0.000000,,,2,.,.,1.000000,1.000000,,1.0
INDEL,I6_15,TS_contained,ALL,*,QUAL,*,0.653465,0.874172,0.0,0.747875,3,13,2512349851.000000,2512349851.000000,0.000000,202,.,.,117.000000,50.000000,,2.34,132,.,.,81.000000,39.000000,,2.076923076923077,70,.,.,36.000000,11.000000,,3.272727272727273,151,.,.,97.000000,42.000000,,2.3095238095238093,132,.,.,84.000000,39.000000,,2.1538461538461537,19,.,.,13.000000,3.000000,,4.333333333333333,0,.,.,0.000000,0.000000,,
INDEL,I6_15,TS_contained,PASS,*,QUAL,*,0.653465,0.88,0.0,0.75,3,12,2512349851.000000,2512349851.000000,0.000000,202,.,.,117.000000,50.000000,,2.34,132,.,.,81.000000,39.000000,,2.076923076923077,70,.,.,36.000000,11.000000,,3.272727272727273,150,.,.,96.000000,42.000000,,2.2857142857142856,132,.,.,84.000000,39.000000,,2.1538461538461537,18,.,.,12.000000,3.000000,,4.0,0,.,.,0.000000,0.000000,,
SNP,*,*,ALL,*,QUAL,*,0.892531,0.971464,0.096314,0.930326,241,28,2809068885,2512349851.000000,0.000000,46032,32998.000000,13045.000000,28456.000000,17558.000000,2.529551552318896,1.6206857273037931,41085,29523.000000,11569.000000,25066.000000,16010.000000,2.5519059555709225,1.5656464709556528,4947,3475.000000,1476.000000,3390.000000,1548.000000,2.3543360433604335,2.189922480620155,46805,32993.000000,13820.000000,29239.000000,17555.000000,2.3873371924746745,1.6655653659925946,41090,29525.000000,11572.000000,25071.000000,16010.000000,2.5514172139647426,1.5659587757651467,1207,636.000000,571.000000,980.000000,227.000000,1.1138353765323994,4.317180616740088,4508,2832.000000,1677.000000,3188.000000,1318.000000,1.6887298747763864,2.418816388467375
SNP,*,*,PASS,*,QUAL,*,0.820125,0.98387,0.07142899999999999,0.894566,174,15,2809068885,2512349851.000000,0.000000,46032,32998.000000,13045.000000,28456.000000,17558.000000,2.529551552318896,1.6206857273037931,37752,27167.000000,10592.000000,24644.000000,13099.000000,2.5648602719033233,1.8813649896938698,8280,5831.000000,2453.000000,3812.000000,4459.000000,2.37708927843457,0.8549002018389773,41328,29333.000000,12003.000000,27170.000000,14148.000000,2.443805715237857,1.9204127791914052,37757,27169.000000,10595.000000,24649.000000,13099.000000,2.5643227937706463,1.8817466982212383,619,278.000000,341.000000,424.000000,195.000000,0.8152492668621701,2.174358974358974,2952,1886.000000,1067.000000,2097.000000,854.000000,1.767572633552015,2.4555035128805622
SNP,*,TS_boundary,ALL,*,QUAL,*,0.301136,0.768116,0.543046,0.43265299999999995,5,0,3148273288.000000,2512349851.000000,0.000000,176,114.000000,62.000000,124.000000,52.000000,1.8387096774193548,2.3846153846153846,53,31.000000,22.000000,25.000000,28.000000,1.4090909090909092,0.8928571428571429,123,83.000000,40.000000,99.000000,24.000000,2.075,4.125,151,93.000000,58.000000,95.000000,56.000000,1.603448275862069,1.6964285714285714,53,31.000000,22.000000,25.000000,28.000000,1.4090909090909092,0.8928571428571429,16,14.000000,2.000000,13.000000,3.000000,7.0,4.333333333333333,82,48.000000,34.000000,57.000000,25.000000,1.411764705882353,2.28
SNP,*,TS_boundary,PASS,*,QUAL,*,0.21590900000000002,0.8636360000000001,0.55102,0.345455,2,0,3148273288.000000,2512349851.000000,0.000000,176,114.000000,62.000000,124.000000,52.000000,1.8387096774193548,2.3846153846153846,38,23.000000,15.000000,19.000000,19.000000,1.5333333333333334,1.0,138,91.000000,47.000000,105.000000,33.000000,1.9361702127659575,3.1818181818181817,98,61.000000,37.000000,58.000000,40.000000,1.6486486486486487,1.45,38,23.000000,15.000000,19.000000,19.000000,1.5333333333333334,1.0,6,5.000000,1.000000,4.000000,2.000000,5.0,2.0,54,33.000000,21.000000,35.000000,19.000000,1.5714285714285714,1.8421052631578947
SNP,*,TS_contained,ALL,*,QUAL,*,0.8948010000000001,0.9717959999999999,0.0,0.9317110000000001,236,28,2512349851.000000,2512349851.000000,0.000000,45856,32884.000000,12983.000000,28332.000000,17506.000000,2.532850650851113,1.6184165428995774,41032,29492.000000,11547.000000,25041.000000,15982.000000,2.554083311682688,1.5668251783256164,4824,3392.000000,1436.000000,3291.000000,1524.000000,2.362116991643454,2.159448818897638,42228,30116.000000,12119.000000,26013.000000,16206.000000,2.4850235167918147,1.6051462421325435,41037,29494.000000,11550.000000,25046.000000,15982.000000,2.5535930735930736,1.5671380302840696,1191,622.000000,569.000000,967.000000,224.000000,1.093145869947276,4.316964285714286,0,0.000000,0.000000,0.000000,0.000000,,
SNP,*,TS_contained,PASS,*,QUAL,*,0.8224440000000001,0.984008,0.0,0.896001,172,15,2512349851.000000,2512349851.000000,0.000000,45856,32884.000000,12983.000000,28332.000000,17506.000000,2.532850650851113,1.6184165428995774,37714,27144.000000,10577.000000,24625.000000,13080.000000,2.5663231540134253,1.882645259938838,8142,5740.000000,2406.000000,3707.000000,4426.000000,2.3857024106400666,0.8375508359692725,38332,27419.000000,10920.000000,25050.000000,13273.000000,2.510897435897436,1.887289987192044,37719,27146.000000,10580.000000,24630.000000,13080.000000,2.5657844990548204,1.8830275229357798,613,273.000000,340.000000,420.000000,193.000000,0.8029411764705883,2.1761658031088085,0,0.000000,0.000000,0.000000,0.000000,,
